DELETE FROM assets_base;
INSERT INTO `assets_base`(code,model,type_code,name,pn,sn,in_date,department_code,persion_name,persion_tel,persion_mail,ip,quality_time,system,des,produce_id,state,user_id,support_id,exitfacotry_date,buy_date,price,value_unit,maintainance_cost,place_id) VALUES
('00000001','2321',141,'hp笔记本电脑','dfjkdfj232322','232322222','2010-07-13','2','6','666','6','192.16.83.21.59','6','6','6666666666666',5,2,NULL,2,'2010-07-14','2010-07-19',NULL,NULL,NULL,1),
('00000002','',26,'','','','2010-07-16','2','','','','','100','','',7,1,NULL,2,'2010-07-13','2010-07-28',NULL,NULL,NULL,1),
('0002','3333',36,'3335','3232','3232','2010-07-15','1','ewew','12121','11','192.168.0.2','8','','',5,1,NULL,3,'2010-07-13','2010-07-17',NULL,NULL,NULL,1),
('001','',28,'PC','','','2010-07-09','2','','','','','100','','',10,2,NULL,3,'2010-07-19','2010-07-27',NULL,NULL,NULL,1),
('003','',1,'003','','','2010-07-04','3','','','','','100','','',10,2,NULL,11,'2010-07-13','2010-07-13',NULL,NULL,NULL,1),
('004','',28,'服务器','','','2010-07-13','2','','','','','100','','',7,2,NULL,2,'2010-07-13','2010-07-13',NULL,NULL,NULL,1),
('005','',28,'005','','','2010-07-12','2','','','','','100','','',12,2,NULL,3,'2010-07-13','2010-07-13',NULL,NULL,NULL,1),
('01','',28,'PC服务器','','','2010-07-14','2','','','','','40','','',14,2,NULL,3,'2010-07-13','2010-07-13',NULL,NULL,NULL,1),
('10001','77',26,'1001','','','2010-07-19','2','','','','','100','','',10,1,1,3,'2011-11-11','2010-01-01',121212,'',23,NULL),
('10002','77',26,'1007','','','2010-07-19','2','','','','','45','','',10,1,1,3,'2011-11-11','2011-11-11',23,'',23,1),
('1001','',28,'1001','','','2010-07-11','1','','13312341234','','','30','','',1,2,3,8,'2010-07-01','2010-07-01',NULL,'',123,1),
('1002','',11,'','','','2010-07-11','5','李四','','adsfa','','200','Windows','',12,3,5,9,'2010-07-01','2011-11-11',NULL,'',NULL,NULL),
('1003','',26,'1003','','','2010-07-19','2','','','','','100','','',10,1,1,3,'2010-07-01','2010-10-10',121212,'',23,NULL),
('1004','',26,'1407','','','2010-07-19','2','','','','','45','','',10,1,1,3,'2010-07-01','2011-11-11',23,'',23,NULL),
('1005','',12,'','','','2010-07-11','6','test','010-10101010','','','15','','',17,1,2,3,'2010-07-01','2011-11-11',123.12,'',123.11,1),
('1006','',1,'','','','2010-07-11','8','','','','','60','XP','',6,5,5,10,'2010-07-01','2011-11-11',NULL,'',NULL,NULL),
('1007','',26,'1007','','','2010-07-20','2','ads','123','asdf@163.com','','35','','',10,1,1,3,'2010-07-01','2010-07-20',123.456,'',123.456,NULL),
('1008','',18,'服务器','','','2010-07-11','10','张三','','','','90','','',8,3,2,12,'2010-07-01','2011-11-11',NULL,'',NULL,NULL),
('1009','',20,'','','','2010-07-11','11','','','','','35','','',11,2,7,6,'2010-07-01','2011-11-11',NULL,'',NULL,1),
('1010','',31,'1010路由器','','','2010-07-21','12','一五','13312341234','','','20','win7','',15,4,10,13,'2010-07-01','2011-11-11',123456.12,'',100,NULL),
('11121212','12121212',26,'11','1212121','','2010-07-15','3','','2121','','111','0','','',5,2,NULL,3,'2010-07-19','2010-07-20',NULL,'',NULL,2),
('2121212','1',28,'1','1','1','2010-07-16','2','1','2','1','192.168.1201223','80','1','2121',7,4,NULL,2,'2010-07-13','2010-07-13',NULL,NULL,NULL,1),
('55','55',4,'55','5','55','2010-07-15','2','','','','5','0','','',5,1,NULL,2,'2010-07-13','2010-07-13',NULL,'',NULL,2),
('911','型号',28,'名称','3434343','34343','2010-07-21','2','责任人','12323232321','fdfd@126.com','192.16.83.21.59','40','windows','3434',5,1,NULL,2,'2010-07-19','2010-07-21',333,'元',34343,2),
('code100','',1,'','','',NULL,'','','','','','','','',0,NULL,NULL,0,NULL,NULL,NULL,'',NULL,NULL),
('fgfgfgfgtrr','',4,'rtrt','','','2010-07-04','1','','','','','0','','',7,2,NULL,2,'2010-07-13','2010-07-13',NULL,'',NULL,1),
('gfgfgfgfg','',4,'fgfgfgf','','','2010-08-05','3','','','','','0','','',10,1,NULL,3,'2010-07-14','2010-07-13',NULL,'',NULL,1),
('hjhjhj','',4,'ytytyt','','','2010-07-15','1','','','','','0','','',7,1,NULL,2,'2010-07-13','2010-07-13',NULL,'',NULL,1),
('sanc0-24','',26,'hello','','','2010-07-09','2','','','','','17','','',14,2,NULL,3,'2010-07-10','2010-07-13',NULL,NULL,NULL,1),
('sdg3f','hp jidhfbnv',28,'zol-computer','','','2010-07-16','1','','','','','23','','',5,1,NULL,2,'2010-07-05','2010-07-07',2334,'yuan',34,1),
('yuyuyu','',4,'yuyuyu','','','2010-07-14','3','','','','','0','','',5,1,NULL,3,'2010-07-13','2010-07-13',NULL,'',NULL,1);
DELETE FROM assets_producer;
INSERT INTO `assets_producer`(id,tel,level,persion,persion_tel,address,description,type,name) VALUES
(1,'212',2,'啊','010-11111111','33','',3,'地方地方'),
(2,'惹人',3,'4545','54545454','广东分公司豆腐干豆腐干','',2,'反对法'),
(3,'010',3,'张萧萧','13699995555','北京','',2,'康邦'),
(5,'56546456',2,'李四','6546456546','北京市','',1,'北京科迪'),
(6,'5448899',1,'王五','96656577','北京海淀','北京海淀',3,'加加'),
(7,'121212',5,'对方答复','45454545','反倒所发生','防守对方的手',1,'打发似的发'),
(10,'13669935624',2,'张淼','13669925624','北京海淀区中关村东路13号','暂无',1,'清华紫光'),
(11,'62649699',2,'曹小明','13859642536','海淀区中关村西屋国际C座604','无',2,'合力腾达'),
(12,'010-62645689',2,'丁淼','13545458659','北京海淀区中关村鄂尔多斯802','无',1,'联合泰克'),
(13,'010-62645666',2,'李毅','13665554854','海淀区中关村联想桥爱森公寓506','无',3,'想联'),
(14,'010-62649699',5,'张浩','13671079870','海淀区中关村圆明园东门北京体育大学附近','无',1,'中联'),
(15,'010',2,'北京','010','北京市','无',1,'安定'),
(16,'010-0555555',2,'王五','','北京市海淀区','',2,'七月'),
(17,'010',2,'张三','','北京','无',3,'加上'),
(18,'010',2,'','1355555555','台湾','台湾',2,'台湾'),
(19,'020-67555555',2,'七七','020-67555555','北京','',3,'草木灰');
DELETE FROM assets_type;
INSERT INTO `assets_type`(id,name,description,pid,flag) VALUES
(1,'信息系统',NULL,0,NULL),
(2,'业务类信息系统',NULL,1,NULL),
(3,'支撑类信息系统','',1,NULL),
(4,'核心业务应用系统','',2,NULL),
(5,'OA及办公系统','',2,NULL),
(6,'财务系统',NULL,2,NULL),
(7,'运维服务支撑系统',NULL,2,NULL),
(8,'视频监控系统',NULL,2,NULL),
(9,'视频会议系统',NULL,2,NULL),
(10,'地理信息系统',NULL,2,NULL),
(11,'数据交换平台',NULL,2,NULL),
(12,'网络系统',NULL,3,NULL),
(13,'安全系统',NULL,3,NULL),
(14,'存储备份系统',NULL,3,NULL),
(15,'物理资产',NULL,0,NULL),
(16,'计算机主机设备',NULL,15,NULL),
(17,'计算机网络设备',NULL,15,NULL),
(18,'安全设备',NULL,15,NULL),
(19,'终端设备',NULL,15,NULL),
(20,'存储设备',NULL,15,NULL),
(21,'输入输出设备',NULL,15,NULL),
(22,'机房及辅助设备',NULL,15,NULL),
(23,'视频监视和视频会议设备',NULL,15,NULL),
(24,'办公设备',NULL,15,NULL),
(25,'超级性能计算机',NULL,16,NULL),
(26,'大/中型计算机',NULL,16,NULL),
(27,'主机服务器（小型计算机）',NULL,16,NULL),
(28,'PC服务器',NULL,16,NULL),
(29,'工业控制计算机',NULL,16,NULL),
(30,'其他主机设备',NULL,16,NULL),
(31,'路由器',NULL,17,NULL),
(32,'交换机',NULL,17,NULL),
(33,'集线器',NULL,17,NULL),
(34,'负载均衡设备',NULL,17,NULL),
(35,'网络流量控制设备',NULL,17,NULL),
(36,'网络接入设备',NULL,17,NULL),
(37,'光端机',NULL,17,NULL),
(38,'排队管理系统',NULL,17,NULL),
(39,'其他网络设备',NULL,17,NULL),
(40,'防火墙',NULL,18,NULL),
(41,'过滤网关',NULL,18,NULL),
(42,'入侵检测设备',NULL,18,NULL),
(43,'入侵保护设备',NULL,18,NULL),
(44,'漏洞扫描设备',NULL,18,NULL),
(45,'隔离装置',NULL,18,NULL),
(46,'安全审计设备',NULL,18,NULL),
(47,'数字签名认证设备（USB智能卡）',NULL,18,NULL),
(48,'VPN网关',NULL,18,NULL),
(49,'计算机终端安全设备',NULL,18,NULL),
(67,'台式计算机',NULL,19,NULL),
(68,'便携式计算机',NULL,19,NULL),
(69,'触摸式终端设备',NULL,19,NULL),
(70,'终端机',NULL,19,NULL),
(71,'其他终端设备',NULL,19,NULL),
(74,'磁盘机',NULL,20,NULL),
(75,'磁盘阵列',NULL,20,NULL),
(76,'光纤交换机',NULL,20,NULL),
(77,'光盘库',NULL,20,NULL),
(78,'磁带机',NULL,20,NULL),
(79,'磁带库',NULL,20,NULL),
(80,'移动存储设备',NULL,20,NULL),
(81,'其他存储设备',NULL,20,NULL),
(82,'打印设备',NULL,21,NULL),
(83,'计算机绘图设备',NULL,21,NULL),
(84,'计算机光电设备',NULL,21,NULL),
(85,'显示器（含大屏幕显示屏）',NULL,21,NULL),
(86,'扫描仪',NULL,21,NULL),
(87,'刷卡机',NULL,21,NULL),
(88,'POS机',NULL,21,NULL),
(89,'数据采集器（除视频摄像头和机房监控设备外',NULL,21,NULL),
(90,'其他输入输出设备',NULL,21,NULL),
(91,'机房',NULL,22,NULL),
(92,'不间断电源',NULL,22,NULL),
(93,'空调',NULL,22,NULL),
(94,'门禁',NULL,22,NULL),
(95,'机柜',NULL,22,NULL),
(96,'消防设备',NULL,22,NULL),
(97,'机房监控设备（温湿度/烟感/电压/电流传',NULL,22,NULL),
(98,'发电机',NULL,22,NULL),
(99,'其他机房辅助设备',NULL,22,NULL),
(100,'视频摄像头',NULL,23,NULL),
(101,'视频编辑设备',NULL,23,NULL),
(102,'音视频矩阵',NULL,23,NULL),
(103,'音视频控制台',NULL,23,NULL),
(104,'扩音设备',NULL,23,NULL),
(105,'视频会议控制台',NULL,23,NULL),
(106,'视频会议多点控制器',NULL,23,NULL),
(107,'视频会议会议室终端',NULL,23,NULL),
(108,'音视频播放设备',NULL,23,NULL),
(109,'其他视频会议设备',NULL,23,NULL),
(110,'传真机',NULL,24,NULL),
(111,'复印机',NULL,24,NULL),
(112,'投影仪',NULL,24,NULL),
(113,'摄像机',NULL,24,NULL),
(114,'照相机及器材',NULL,24,NULL),
(115,'录音设备',NULL,24,NULL),
(116,'多功能一体机',NULL,24,NULL),
(117,'电子白板',NULL,24,NULL),
(118,'LED显示屏',NULL,24,NULL),
(119,'触控一体机',NULL,24,NULL),
(120,'刻录机',NULL,24,NULL),
(121,'打印机',NULL,24,NULL),
(122,'电话机',NULL,24,NULL),
(123,'碎纸机',NULL,24,NULL),
(124,'会计机械',NULL,24,NULL),
(125,'绘图机',NULL,24,NULL),
(126,'制图机',NULL,24,NULL),
(127,'晒图机',NULL,24,NULL),
(128,'电视机',NULL,24,NULL),
(129,'其他办公设备',NULL,24,NULL),
(130,'计算机及办公设备零部件',NULL,24,NULL),
(131,'软件资产',NULL,0,NULL),
(132,'系统软件',NULL,131,NULL),
(133,'支撑软件',NULL,131,NULL),
(134,'应用软件',NULL,131,NULL),
(135,'其他计算机软件',NULL,131,NULL),
(136,'信息资源',NULL,0,NULL),
(137,'文档',NULL,136,NULL),
(138,'数据',NULL,136,NULL),
(139,'技术类文档',NULL,137,NULL),
(140,'业务类文档',NULL,137,NULL),
(141,'运维类文档',NULL,137,NULL),
(142,'管理类文档',NULL,137,NULL),
(143,'其他文档',NULL,137,NULL),
(144,'基础数据库',NULL,138,NULL),
(145,'业务数据库',NULL,138,NULL),
(146,'IP地址表',NULL,138,NULL),
(147,'其他数据',NULL,138,NULL),
(148,'服务',NULL,0,NULL),
(149,'IT基础设施运维服务',NULL,148,NULL),
(150,'IT应用系统运维服务',NULL,148,NULL),
(151,'安全管理服务',NULL,148,NULL),
(152,'网络接入服务',NULL,148,NULL),
(153,'内容信息服务',NULL,148,NULL),
(154,'综合服务',NULL,148,NULL),
(155,'机构和人员',NULL,0,NULL),
(156,'服务提供商',NULL,155,NULL),
(157,'政府单位',NULL,155,NULL),
(158,'人员',NULL,155,NULL);
